Babe Ruth,714
Barry Bonds,762
Willie Mays,660
Ty Cobb,117
Honus Wagner,101
Hank Aaron,755
Tris Speaker,117
Ted Williams,521
Rogers Hornsby,301
Stan Musial,475
Eddie Collins,47
Lou Gehrig,493
Mickey Mantle,536
Alex Rodriguez,654
Mel Ott,511
Mike Schmidt,548
Rickey Henderson,297
Frank Robinson,586
Nap Lajoie,83
Jimmie Foxx,534
Joe Morgan,268
Eddie Mathews,512
Carl Yastrzemski,452
Cal Ripken,431
Cap Anson,97
Albert Pujols,520
Al Kaline,399
Wade Boggs,118
Roger Connor,138
Chipper Jones,468
George Brett,317
George Davis,73
Joe DiMaggio,361
Roberto Clemente,240
Jeff Bagwell,449
Pete Rose,160
Brooks Robinson,268
Dan Brouthers,106
Charlie Gehringer,184
Bill Dahlen,84
Ken Griffey Jr.,630
Johnny Bench,389
Frankie Frisch,105
Paul Waner,113
Ed Delahanty,101
Derek Jeter,260
Fred Clarke,67
Reggie Jackson,563
Luke Appling,45
Arky Vaughan,96
Frank Thomas,521
Rod Carew,92
Eddie Murray,504
Sam Crawford,97
Ron Santo,342
Adrian Beltre,395
Ivan Rodriguez,311
Billy Hamilton,40
Rafael Palmeiro,569
Scott Rolen,316
Gary Carter,324
Al Simmons,307
Bobby Grich,224
Harry Heilmann,183
Larry Walker,383
Johnny Mize,359
Carlton Fisk,376
Lou Whitaker,244
Jim Thome,612
Paul Molitor,234
Barry Larkin,198
Ozzie Smith,28
Andruw Jones,434
Willie McCovey,521
Manny Ramirez,555
Joe Cronin,170
Jesse Burkett,75
Robin Yount,251
Mark McGwire,583
Tim Raines,170
Harmon Killebrew,573
Graig Nettles,390
Edgar Martinez,309
Craig Biggio,291
Dwight Evans,385
Tony Gwynn,135
Reggie Smith,314
Lou Boudreau,68
Jim Edmonds,393
Goose Goslin,248
Roberto Alomar,210
Alan Trammell,185
Yogi Berra,358
Duke Snider,407
Mike Piazza,427
Sherry Magee,83
Ernie Banks,512
Carlos Beltran,373
Zack Wheat,132
Willie Stargell,475
Bid McPhee,53
Gary Sheffield,509
Bobby Wallace,34
Joe Torre,252
Kenny Lofton,130
Willie Randolph,54
Buddy Bell,201
Dick Allen,351
Pee Wee Reese,126
Jake Beckley,86
Darrell Evans,414
Hank Greenberg,331
Ryne Sandberg,282
Joe Gordon,253
Miguel Cabrera,390
Joe Jackson,54
Billy Williams,426
Sammy Sosa,609
Frank Baker,96
Jack Glasscock,27
Max Carey,70
Dave Winfield,465
Andre Dawson,438
Keith Hernandez,162
Chase Utley,228
Tony Perez,379
Bobby Abreu,288
John Olerud,255
Richie Ashburn,29
Jackie Robinson,137
Bobby Bonds,332
Fred McGriff,493
Bill Terry,154
Bob Johnson,288
Robin Ventura,294
Jimmy Sheckard,56
Vladimir Guerrero,449
Jeff Kent,377
Sal Bando,242
Bill Dickey,202
Elmer Flick,48
Stan Hack,57
Willie Keeler,33
Ron Cey,316
Lance Berkman,366
Joe Tinker,31
Ichiro Suzuki,112
Todd Helton,369
Luis Gonzalez,354
Billy Herman,47
Joe Kelley,65
Harry Stovey,122
Ken Boyer,282
Norm Cash,377
Joe Medwick,205
Brian Giles,287
Ted Simmons,248
Gabby Hartnett,236
Willie Davis,182
Bobby Doerr,223
Kiki Cuyler,128
Jimmy Wynn,291
Jimmy Collins,65
Harry Hooper,75
Jim O'Rourke,62
Tommy Leach,63
Chet Lemon,215
David Wright,230
Will Clark,284
George Sisler,102
Enos Slaughter,169
Larry Doby,253
Jose Cruz,165
Jim Rice,382
Minnie Minoso,186
Mickey Cochrane,119
Jack Clark,340
Bob Elliott,170
Heinie Groh,26
Orlando Cepeda,379
Sam Rice,34
Tony Lazzeri,178
Cesar Cedeno,199
Matt Holliday,271
Edd Roush,68
Larry Doyle,74
Mike Cameron,278
Ed Konetchy,74
Jimmy Rollins,216
Dave Bancroft,32
Rocky Colavito,374
Fred Lynn,306
Luis Aparicio,83
Johnny Evers,12
Jason Giambi,440
John McGraw,13
Vern Stephens,247
Brian Downing,275
Hugh Duffy,106
Frank Chance,20
Buck Ewing,71
Joe Sewell,49
Moises Alou,332
Rusty Staub,292
Earl Averill,238
Ralph Kiner,369
Vada Pinson,256
George Foster,348
Tony Phillips,160
Charlie Keller,189
Travis Jackson,135
Lave Cross,47
Toby Harrah,195
George Burns,41
Jimmy Ryan,118
Joe Mauer,109
Mark Grace,173
Joe Judge,71
Cupid Childs,20
Pete Browning,46
Fred Tenney,22
Mike Griffin,42
Nellie Fox,35
Larry Gardner,27
Fielder Jones,21
King Kelly,69
Art Fletcher,32
Gene Tenace,201
Bert Campaneris,79
Hughie Jennings,18
J.D. Drew,242
Jorge Posada,275
Kirby Puckett,207
Matt Williams,378
Bill Freehan,200
George Van Haltren,69
Ellis Burks,352
Ken Singleton,246
Dale Murphy,398
Bernie Williams,287
Paul Hines,57
Jim Fregosi,151
Sam Thompson,127
Boog Powell,339
Roy Thomas,7
Dolph Camilli,239
Buddy Myer,38
Mike Tiernan,106
Bobby Veach,64
Hardy Richardson,70
Carlos Delgado,473
Tony Fernandez,94
Al Oliver,219
Lance Parrish,324
Augie Galan,100
Jake Daubert,56
David Ortiz,466
Lou Brock,149
Heinie Manush,110
Johnny Damon,235
George Gore,46
Torii Hunter,331
Julio Franco,173
Chuck Klein,300
Babe Herman,181
Wally Berger,242
Rabbit Maranville,28
Robinson Cano,218
Brett Butler,54
Jack Fournier,136
Jose Canseco,462
Gil Hodges,370
Hack Wilson,244
Omar Vizquel,80
Miguel Tejada,307
Ernie Lombardi,190
Andy Van Slyke,164
Devon White,208
Davey Lopes,155
Dixie Walker,105
Darryl Strawberry,335
Nomar Garciaparra,229
Mark Teixeira,363
Roger Peckinpaugh,48
Ben Chapman,90
Earle Combs,58
Phil Rizzuto,38
Carl Crawford,132
Dave Parker,339
Deacon White,23
Herman Long,91
Wally Schang,59
Roy White,160
Albert Belle,381
Paul O'Neill,281
Arlie Latham,27
Dick Bartell,79
Del Pratt,43
Thurman Munson,113
Darrell Porter,188
Don Mattingly,222
Tony Oliva,220
Bill Nicholson,235
Doug DeCinces,237
Ken Williams,196
David Justice,305
Lenny Dykstra,81
Steve Finley,304
Jason Kendall,75
Hanley Ramirez,191
Amos Otis,193
Jose Reyes,111
Chuck Knoblauch,98
John Ward,26
Dave Concepcion,101
Ray Lankford,238
Lonny Frey,61
Gil McDougald,112
Harry Davis,75
Roger Bresnahan,26
Fred Dunlap,41
Evan Longoria,184
Rico Petrocelli,210
Reggie Sanders,305
Jeff Heath,194
Rudy York,277
Gary Gaetti,360
Aramis Ramirez,369
Jesse Barfield,241
Miller Huggins,9
Harlond Clift,178
Charlie Bennett,55
Dustin Pedroia,106
Frank Howard,382
Tommy Henrich,183
Alfonso Soriano,412
Placido Polanco,104
Harold Baines,384
Ed McKean,66
Roy Campanella,242
Art Devlin,10
George Kell,78
Felipe Alou,206
Chili Davis,350
Dusty Baker,242
Jay Bell,195
Ned Williamson,64
Willie Wilson,41
Steve Garvey,272
Magglio Ordonez,294
Pie Traynor,58
Jim Sundberg,95
Eddie Stanky,29
Jim Bottomley,219
Tim Wallach,260
Kent Hrbek,293
Denny Lyons,62
Sherm Lollar,155
Clyde Milan,17
Max Bishop,41
Red Schoendienst,84
Cy Williams,251
Eddie Yost,139
Roger Maris,275
Kip Selbach,44
Donie Bush,9
Pedro Guerrero,215
Bill Bradley,33
Ken Keltner,163
George Scott,271
Dan McGann,42
Mickey Vernon,172
Ross Youngs,42
Wally Joyner,204
Heinie Zimmerman,58
Ken Caminiti,239
Juan Gonzalez,434
Curt Flood,85
Kirk Gibson,255
Sid Gordon,202
Derrek Lee,331
Gavvy Cravath,119
Maury Wills,20
Richie Hebner,203
Alvin Dark,126
Edgar Renteria,140
Billy Nash,60
Eric Chavez,260
Paul Blair,134
Ron Fairly,215
Ryan Zimmerman,184
Bob Allison,256
Dick McAuliffe,197
Al Rosen,192
Tim Salmon,299
Troy Glaus,320
Bill Madlock,163
Lonnie Smith,98
George Grantham,105
Mark Belanger,20
Eric Davis,282
Andy Pafko,213
Ben Zobrist,114
Tip O'Neill,52
Adrian Gonzalez,262
Rico Carty,204
Dummy Hoy,40
Dom DiMaggio,87
Johnny Callison,226
Danny Murphy,44
Ian Kinsler,173
Phil Cavarretta,95
Smoky Burgess,126
Joe Adcock,336
Curtis Granderson,237
Benny Kauff,49
Ginger Beaumont,39
Bill White,202
Troy Tulowitzki,176
Andrew McCutchen,128
Carney Lansford,151
Joey Votto,163
Roy Cullenbine,110
Cecil Cooper,241
Tommy Holmes,88
Freddy Parent,20
Jayson Werth,186
Don Buford,93
Topsy Hartsel,31
Cy Seymour,52
Bill Joyce,70
Garry Maddox,117
Gene Woodling,147
Eddie Joost,134
Frank McCormick,128
Lu Blue,44
Jeff Cirillo,112
Victor Martinez,189
Dick Groat,39
Claude Ritchey,18
Mike Donlin,51
Riggs Stephenson,63
Ryan Braun,230
Chick Stahl,36
Rafael Furcal,113
Jimmie Dykes,108
Terry Turner,8
Ron Gant,321
Jim Gilliam,65
Chick Hafey,164
Bobby Bonilla,287
Brady Anderson,210
Greg Luzinski,307
Bobby Murcer,252
Jackie Jensen,199
Carl Furillo,192
Dwayne Murphy,166
Tony Cuccinello,94
Wally Moses,89
Johnny Pesky,17
Ken Griffey,152
Willie Kamm,29
Don Money,176
Vic Wertz,266
Harry Steinfeldt,27
Bob Boone,105
Hal Trosky,228
Yadier Molina,96
Brian Jordan,184
Brian McCann,199
Andres Galarraga,399
Javy Lopez,260
Mo Vaughn,328
John Valentin,124
Bobby Thomson,264
B.J. Surhoff,188
Bob Bailey,189
Elston Howard,167
Joe Start,15
Wally Pipp,90
Chris Speier,112
Ezra Sutton,25
Jimmy Williams,49
Ken McMullen,156
Johnny Logan,93
Bob Watson,184
Rick Monday,241
Frank White,160
Dave Orr,37
Shawn Green,328
Mike Hargrove,80
George Burns,72
Bill Mazeroski,138
Henry Larkin,53
Frank Schulte,92
Travis Fryman,223
Elmer Smith,37
Gary Matthews,234
Elbie Fletcher,79
Freddie Lindstrom,103
John Titus,38
Russell Martin,119
Ross Barnes,6
Kid Elberfeld,10
Shane Victorino,107
Coco Crisp,117
Ray Durham,192
Marty Marion,36
Tom Haller,134
Jose Valentin,249
Edgardo Alfonzo,146
Bill Doran,84
John Reilly,69
Tom Daly,49
Walker Cooper,173
Earl Torgeson,149
Charley Jones,56
Clete Boyer,162
Kevin Mitchell,234
Marty McManus,120
Don Baylor,338
Dode Paskert,42
Ryan Klesko,278
Hunter Pence,185
Billy Jurges,43
Curt Welch,16
Mike Trout,98
Benito Santiago,217
Del Crandall,179
Tino Martinez,339
Ray Chapman,17
George Kelly,148
Davey Johnson,136
Jack Clements,77
Hal McRae,191
Grady Sizemore,144
Del Ennis,288
Bill Skowron,211
Stuffy McInnis,20
Buck Herzog,20
Brandon Phillips,174
Mickey Tettleton,245
Mike Scioscia,68
Bob Meusel,156
Kevin Youkilis,150
Red Smith,27
Ed Bailey,155
Jose Bautista,246
Jhonny Peralta,177
Brian Roberts,97
Pete Runnels,49
Robby Thompson,119
Darin Erstad,124
Ron Hunt,39
Luis Castillo,28
George Hendrick,267
Phil Garner,109
Terry Pendleton,140
Bill Russell,46
Oyster Burns,65
Jim Piersall,104
Terry Steinbach,162
Carlos Lee,358
Von Hayes,143
Tim McCarver,97
Snuffy Stirnweiss,29
Roy Smalley,163
Ferris Fain,48
J.J. Hardy,167
Manny Sanguillen,65
Woody English,32
Rick Dempsey,96
John Anderson,49
Pinky Higgins,140
Cecil Travis,27
Joe Kuhel,131
Kevin McReynolds,211
Lee May,354
Willie McGee,79
Roy Sievers,318
Harvey Kuenn,87
Willie Horton,325
Tommy Tucker,42
Frankie Crosetti,98
Josh Hamilton,192
Randy Winn,110
Jacoby Ellsbury,81
Elmer Valo,58
Richie Zisk,207
Prince Fielder,288
Butch Wynegar,65
Sam West,75
Ray Boone,151
Rick Ferrell,28
Ted Kluszewski,279
Fred Pfeffer,94
Jason Thompson,208
Germany Smith,47
John Kruk,100
Lefty O'Doul,113
Leo Cardenas,118
Melvin Mora,171
Ron Hansen,106
Michael Young,185
John Mayberry,255
Marquis Grissom,227
Alex Gordon,121
Mike Lowell,223
Sam Mertes,40
Kevin Seitzer,74
Alex Rios,165
Terry Puhl,62
Mark Ellis,105
Denis Menke,101
Bing Miller,116
Doug Rader,155
Tom Brown,64
George Wright,11
Glenn Wright,94
Lance Johnson,34
Corey Koskie,124
Dave Henderson,197
George Stone,23
Raul Mondesi,271
Buddy Lewis,71
Red Rolfe,69
Rich Aurilia,186
Sixto Lezcano,148
Lloyd Moseby,169
Charles Johnson,167
Hal Chase,57
Nick Swisher,239
Ossie Bluege,43
John Morrill,43
Chris Chambliss,185
Carlos Guillen,124
Orlando Cabrera,123
Tommie Agee,130
Jack Doyle,26
Ben Oglivie,235
Baby Doll Jacobson,83
Fred Merkle,61
Mike Greenwell,130
Billy Werber,78
Hans Lobert,32
Mike Napoli,186
Dave Magadan,42
Greg Vaughn,355
Hank Sauer,288
Joe Harris,47
Lloyd Waner,27
Jack Rowe,28
Darren Daulton,137
Scott Fletcher,34
Spud Davis,77
Howie Kendrick,78
Chris Hoiles,151
Paul Konerko,439
Bobby Avila,80
Don Mincher,200
Ramon Hernandez,169
Bill Lange,39
Whitey Kurowski,106
David DeJesus,94
Jeromy Burnitz,315
Vernon Wells,270
Joe Rudi,179
Garry Templeton,70
Geoff Jenkins,221
George Pinkney,21
John Stone,77
Jason Varitek,193
Jim Ray Hart,170
Aaron Rowand,136
Hank Bauer,164
Amos Strunk,15
Ripper Collins,135
George Wood,68
Tony Gonzalez,103
Bob Bescher,28
Terry Kennedy,113
Andy Seminick,164
Johnny Ray,53
Dave Cash,21
Rondell White,198
Tony Pena,107
Buck Freeman,82
Delino DeShields,80
Deacon McGuire,45
Billy Goodman,19
Ival Goodman,95
Mickey Rivers,61
Solly Hemus,51
Jimmy Wolf,18
Willie Jones,190
George McQuinn,135
Mark Grudzielanek,90
Andre Thornton,253
Earl Battey,104
George Selkirk,108
Charlie Hollocher,14
Shin-Soo Choo,117
Gus Suhr,84
Joe Ferguson,122
Tom Tresh,153
Frank Fennelly,34
Stan Spence,95
Curt Walker,64
Bill Mueller,85
Garret Anderson,287
Bobby Lowe,71
Howard Johnson,228
Buster Posey,83
Hank Thompson,129
A.J. Pierzynski,177
Cliff Floyd,233
Johnny Hopp,46
Woodie Held,179
Tilly Walker,118
Al Smith,164
Tommy McCarthy,44
Tom Brunansky,271
Danny Green,29
Chase Headley,93
Socks Seybold,51
Bret Boone,252
Larry Hisle,166
Johnny Romano,129
Juan Pierre,18
Fred Carroll,27
Juan Uribe,178
Jim Northrup,153
Johnny Mostil,23
Tom Burns,39
Johnny Bates,25
Tom Herr,28
Casey Stengel,60
Greg Gagne,111
Billy North,20
Tommy Harper,146
Irish Meusel,106
Dan Uggla,233
Bernard Gilkey,118
Johnny Roseboro,104
Adam Dunn,462
Jack Barry,10
Wally Moon,142
Steve Sax,54
Nick Markakis,141
Danny Tartabull,262
Billy Rogell,42
Al Bumbry,54
Zeke Bonura,119
Orator Shaffer,11
Randy Velarde,100
Justin Upton,164
Tommy Corcoran,34
Todd Zeile,253
Ray Schalk,11
Burt Shotton,9
Adam Jones,169
Jay Buhner,310
Carlos Gomez,91
Bill Bruton,94
Milt Stock,22
Tom York,15
Casey Blake,167
Johnny Briggs,139
Pete Reiser,58
Matt Kemp,182
Sam Wise,49
Denard Span,32
Orlando Hudson,93
Cesar Tovar,46
Mike Mowrey,7
Barney McCosky,24
Jeff Conine,214
Justin Morneau,238
Solly Hofman,19
Trot Nixon,137
Rick Burleson,50
Jerry Mumphrey,70
Jerry Denny,74
Billy Southworth,52
Mike Bordick,91
Shannon Stewart,115
Michael Bourn,31
Gene Alley,55
B.J. Upton,139
Carlos Ruiz,63
Chief Zimmer,26
Eddie Miller,97
Richard Hidalgo,171
Steve Brodie,25
Jim Landis,93
Chone Figgins,35
Jake Stenzel,32
Wes Parker,64
Ernie Whitt,134
Jason Heyward,84
Jocko Milligan,49
Mike Stanley,187
Dan Driessen,153
Charlie Hickman,59
Chief Meyers,14
Bake McBride,63
Jack Tobin,64
Johnny Kling,20
Charlie Jamieson,18
Eddie Foster,6
Norm Siebern,132
Bob O'Farrell,51
Alvin Davis,160
Don Slaught,77
Mike Mitchell,27
Jose Cardenal,138
Patsy Donovan,16
Brett Gardner,40
Mike Sweeney,215
Jimmy Slagle,2
Pablo Sandoval,106
Sammy Strang,16
Ed Swartwood,14
Abner Dalrymple,43
Pete Ward,98
Travis Hafner,213
Yunel Escobar,69
Monte Irvin,99
Marlon Byrd,131
Ruppert Jones,147
Al Bridwell,2
Eric Young,79
Oscar Gamble,200
Cal McVey,11
Dick Hoblitzel,27
Andre Ethier,145
Bernie Carbo,96
Bob Nieman,125
Jimmy Barrett,16
Eric Soderholm,102
Donn Clendenon,159
Jim Gentile,179
Patsy Dougherty,17
Merv Rettenmund,66
Gorman Thomas,268
Dave Kingman,442
Freddie Patek,41
Matty Alou,31
Duffy Lewis,38
Joe Randa,123
Buck Weaver,21
Dickie Thon,71
Dots Miller,32
George Bell,265
Jason Bay,222
Gregg Jefferies,126
Pepper Martin,59
Fred Luderus,84
Joe Vosmik,65
Mike Grady,34
Ken Oberkfell,29
Roy McMillan,68
Charlie Maxwell,148
Ryan Howard,334
Mark Kotsay,127
Alexei Ramirez,99
Duke Farrell,51
Tommy Davis,153
Bibb Falk,69
Aaron Hill,145
Red Murray,37
Shane Mack,80
Fred Snodgrass,11
Billy Shindle,31
Happy Felsch,38
Jeff Blauser,122
Mike Lieberthal,150
Wid Conroy,22
Perry Werden,26
Jimmy Austin,13
Bug Holliday,65
Willie Crawford,86
Carl Reynolds,80
Joe Cunningham,64
Bob Horner,218
Jim Fogarty,20
Jim Gantner,47
Jack Farrell,23
Giancarlo Stanton,154
Jerry Priddy,61
Chico Carrasquel,55
Bill Melton,160
Vinny Castilla,320
Gee Walker,124
Stan Javier,57
Don Hoak,89
Steve Kemp,130
Matty McIntyre,4
Bubbles Hargrave,29
Terry Moore,80
Raul Ibanez,305
Rube Bressler,32
Royce Clayton,110
Milton Bradley,125
Ned Hanlon,30
Tony Taylor,75
Martin Prado,78
Jim Delahanty,19
Edwin Encarnacion,229
Mack Jones,133
Erick Aybar,45
Bud Harrelson,7
Jim McTamany,19
Ed Charles,86
Frankie Hayes,119
Carlos Gonzalez,136
Marco Scutaro,77
Cecil Fielder,319
Gus Triandos,167
Dale Mitchell,41
Vince DiMaggio,125
Pete O'Brien,169
George Harper,91
John Stearns,46
Mark Loretta,76
Bill Buckner,174
Jose Cruz,204
Hub Collins,11
Sparky Adams,9
Yank Robinson,15
Mookie Wilson,67
Lee Lacy,91
Steve Yeager,102
Steve O'Neill,13
Earl Sheely,48
Brad Ausmus,80
Adam Kennedy,80
Glenn Davis,190
Pat Burrell,292
Jo-Jo Moore,79
Jeff Burroughs,240
Chick Gandil,11
Sam Chapman,180
Bruce Bochte,100
Jake Stahl,31
Rusty Greer,119
Roberto Kelly,124
Eddie Robinson,172
Jimmy Johnston,22
Dave Martinez,91
Rickie Weeks,148
Marcus Giles,76
Eric Karros,284
Lyn Lary,38
Gary Roenicke,121
Cleon Jones,93
Ken Henderson,122
Austin Kearns,121
Candy Nelson,3
Steve Evans,32
Davy Force,1
Danny Richardson,32
Gary Pettis,21
Bobby Higginson,187
Tony Kubek,57
Nick Etten,89
Craig Counsell,42
Frank Demaree,72
Frank LaPorte,15
Danny Litwhiler,107
Paul Lo Duca,80
Davy Jones,9
Jody Davis,127
Ronnie Belliard,114
Josh Willingham,195
Wayne Garrett,61
Gene Richards,26
Bip Roberts,30
Doc Gessler,14
Jim Russell,67
Warren Cromartie,61
Pop Smith,24
Gary Ward,130
Jim Lefebvre,74
Darby O'Brien,20
Vic Saier,55
Lou Bierbauer,33
Harry Lord,14
Stan Lopata,116
Johnny Bassler,1
Elvis Andrus,20
Michael Cuddyer,187
Carl Everett,202
Chris Sabo,116
Phil Masi,47
Monte Cross,31
Bobby Byrne,10
Aubrey Huff,242
Milt May,77
Damion Easley,163
Steve Braun,52
Orlando Merced,103
Nelson Cruz,197
Jack Crooks,21
Clay Dalrymple,55
Larry Herndon,107
Richie Sexson,306
Joe Carter,396
Dave Foutz,31
Braggo Roth,30
George McBride,7
Mark McLemore,53
Bob Caruthers,29
Cliff Johnson,196
Angel Pagan,49
Hughie Critz,38
Jeff King,154
Jason Bartlett,31
Charlie Comiskey,29
Ron Hassey,71
Ray Blades,50
Hank Gowdy,21
Claudell Washington,164
Larry Parrish,256
Les Mann,44
Carlos Pena,286
Kal Daniels,104
Kelly Johnson,131
Paul Radford,13
Ellis Valentine,123
John Clapp,7
Larry Bowa,15
David Eckstein,35
Billy Johnson,61
Mickey Doolan,15
Rance Mulliniks,73
Johnny Temple,22
Cass Michaels,53
Frank Thomas,286
Phil Bradley,78
Floyd Robinson,67
Jose Vidro,128
Tony Armas,251
Jim Pagliaroni,90
Emmet Heidrick,16
Pinky Whitney,93
Ian Desmond,91
Jack Burdock,18
Arthur Irwin,5
Brook Jacoby,120
Mike Kreevich,45
Chief Wilson,59
Taffy Wright,38
Doggie Miller,33
Harry Lumley,38
Al Lopez,51
Dick Green,80
Bruce Campbell,106
Jerry Grote,39
Johnny Grubb,99
Lee Tannehill,3
Gary Redus,90
Bill Virdon,91
Willard Marshall,130
George Cutshaw,25
Heinie Wagner,10
Mike LaValliere,18
Wally Judnich,90
Max Flack,35
Johnny Frederick,85
Sean Casey,130
Jay Johnstone,102
Frank Malzone,133
Jim Davenport,77
Muddy Ruel,4
Emmett Seery,27
Milt Thompson,47
Art Wilson,24
Gene DeMontreville,17
Duff Cooley,26
Carlos Baerga,134
Roy Johnson,58
Bob Ferguson,1
Grady Hatton,91
Mike Macfarlane,129
Charlie Grimm,79
Kevin Bass,118
Scott Brosius,141
Charlie Hemphill,22
Bill Gleason,7
Leon Durham,147
Odell Hale,73
Steve Buechele,137
Austin Jackson,46
Connie Ryan,56
Jonathan Lucroy,59
Bucky Dent,40
Hoot Evers,98
Matt Wieters,92
Brandon Inge,152
Bill Hinchman,20
Josh Donaldson,63
Frank Isbell,13
George Case,21
Babe Phelps,54
Johnny Lindell,72
Ira Flagstead,40
Johnny Edwards,81
Shanty Hogan,61
Eddie Bressoud,94
Dick Wakefield,56
Jay Bruce,182
Jermaine Dye,325
Freddy Sanchez,48
Granny Hamner,104
Hector Lopez,136
Chris Young,155
Hank Majeski,57
Heinie Peitz,16
Phil Nevin,208
Juan Samuel,161
Taylor Douthit,29
Nick Johnson,95
Bill Phillips,17
Jody Reed,27
Walt Wilmot,58
Wally Post,210
Manny Mota,31
Frank Bolling,106
Glenn Hubbard,70
Birdie Cree,11
Wes Westrum,96
Carlos Santana,98
Nick Punto,19
Walt Weiss,25
Earl Smith,46
Hank Severeid,17
Pete Fox,65
Rey Sanchez,15
Jose Oquendo,14
Vic Power,126
Hobe Ferris,40
Frank Snyder,47
Tim Teufel,86
Omar Infante,80
Danny O'Connell,39
Kelly Gruber,117
Chuck Hinton,113
Duke Sims,100
Bobby Estalella,44
Asdrubal Cabrera,87
Gene Moore,58
Hal Morris,76
Randy Milligan,70
Miguel Montero,97
Cesar Geronimo,51
Bump Wills,36
Dick Dietz,66
Hank Leiber,101
Gus Zernial,237
Rube Oldring,27
Dan Wilson,88
Rob Deer,230
Morgan Ensberg,110
Doc Casey,9
Harry Danning,57
Tito Francona,125
Darryl Hamilton,51
Felix Millan,22
Ed McFarland,13
Carson Bigbee,17
Lee Mazzilli,93
Paul Goldschmidt,83
Rick Wilkins,81
Kurt Suzuki,70
Dave Hollins,112
Julio Cruz,23
Heinie Reitz,11
Mike Gallego,42
Chris Iannetta,90
Dale Alexander,61
Wayne Gross,121
David Bell,123
Jimmie Hall,121
Dave Collins,32
Mike Epstein,130
Julio Lugo,80
Billy Myers,45
Nate Colbert,173
Topper Rigney,13
Ray Knight,84
Rick Miller,28
Hubie Brooks,149
Wally Westlake,127
Dick Schofield,56
Jackie Brandt,112
Rennie Stennett,41
Paul Schaal,57
Ron Karkovice,96
Danny Taylor,44
Elmer Smith,70
Corey Hart,160
Aaron Ward,50
Jose Offerman,57
Damian Miller,87
Bill Sweeney,11
Jerry Hairston,70
Todd Hundley,202
Sandy Alomar Jr.,112
Jack Smith,40
Ted Sizemore,23
Red Ruffing,36
Ruben Sierra,306
Art Howe,43
John Peters,3
Irv Noren,65
Fred Schulte,47
Leon Wagner,211
Rick Reichardt,116
Zoilo Versalles,95
Kyle Seager,70
Rich Rollins,77
Brian McRae,103
Colby Rasmus,116
Ed Morgan,52
Aaron Robinson,61
Bucky Harris,9
Franklin Gutierrez,67
Harvey Hendrick,48
Jack Graney,18
Sid Bream,90
John Hummel,29
Ping Bodie,43
Lip Pike,20
Joe Stripp,24
Ron Northey,108
Mitch Webster,70
Mike Easler,118
Aurelio Rodriguez,124
Harry Rice,48
Chet Laabs,117
David Ross,95
Alan Ashby,90
Ken Berry,58
Don Lock,122
Glenn Wilson,98
Ozzie Guillen,28
Bob Skinner,103
Mark Whiten,105
Don Demeter,163
Derek Bell,134
Neil Walker,77
Jacque Jones,165
Greg Gross,7
Del Unser,87
Dmitri Young,171
Mike Devereaux,105
Horace Clarke,27
Jim Hickman,159
Ellie Rodriguez,16
Rich Dauer,43
Joe Crede,140
Ryan Ludwick,154
Jamey Carroll,13
Jose Hernandez,168
Ivan Calderon,104
Cody Ross,132
Gary Matthews Jr.,108
Everett Scott,20
John Castino,41
Wilbert Robinson,18
Jiggs Donahue,4
Red Kress,89
Kitty Bransfield,13
Otto Knabe,8
Lew Fonseca,31
Vic Davalillo,36
John Milner,131
George Stovall,15
Joe Pepitone,219
Ivey Wingo,25
Cliff Heathcote,42
Fernando Vina,40
Hideki Matsui,175
Tony Bernazard,75
Brian Harper,63
Will Venable,75
Max West,77
Joe Foy,58
Elliott Maddox,18
Matt Lawton,138
Bob Brenly,91
Randy Hundley,82
Dan Gladden,74
Ron LeFlore,59
Mike Davis,91
J.T. Snow,189
Tony Clark,251
Carmelo Martinez,108
Willie Upshaw,123
Harold Reynolds,21
Geovany Soto,92
Ward Miller,8
Lee Maye,94
Andy Carey,64
Darrin Fletcher,124
Jay Payton,119
Bengie Molina,144
Bobby Knoop,56
Lou Piniella,102
Pop Corkhill,31
Quilvio Veras,32
Earl Webb,56
Bo Diaz,87
Matt Stairs,265
Charlie Hayes,144
Tony Graffanino,58
Lee Magee,12
Tony Batista,221
Ralph Garr,75
Wes Ferrell,38
Al Cowens,108
Harry Bay,5
Ray Morgan,4
Rich Gedman,88
Eddie Lake,39
Desmond Jennings,47
Jorge Orta,130
Curt Blefary,112
Darrin Jackson,80
Stephen Drew,97
Candy LaChance,39
Ducky Holmes,17
Adam LaRoche,243
Don Hurst,115
Hugh Nicol,5
Cookie Lavagetto,40
Patsy Tebeau,27
Homer Smoot,15
Ray Sanders,42
Mule Haas,43
Bobby Tolan,86
Ossie Vitt,4
Brad Wilkerson,122
Pat Kelly,76
Matt Carpenter,25
Whitey Lockman,114
Andy High,44
Gus Bell,206
Frank Catalanotto,84
Randy Jackson,103
Adolfo Phillips,59
Matt Joyce,88
Tony Conigliaro,166
Andres Torres,32
Jerry Lumpe,47
Mike Heath,86
Tim Naehring,49
Eddie Milner,42
Daniel Murphy,48
Tom McCreery,26
Candy Maldonado,146
Sam Leslie,36
George Browne,18
Tim Jordan,32
Bob Allen,14
Bob Fothergill,36
David Segui,139
Dan Pasqua,117
Guy Hecker,19
Lyman Bostock,23
Jack Wilson,61
Albie Pearson,28
Jim Morrison,112
Denny Walling,49
Gregg Zaun,88
Daryl Spencer,105
Sammy Hale,30
Baldy Louden,12
Vince Coleman,28
Vance Law,71
Bob Cerv,105
Andy Etchebarren,49
Jon Jay,28
Chad Curtis,101
Whitey Witt,18
Wally Backman,10
Bobby Adams,37
Sid Farrar,18
Dave Valle,77
Dutch Zwilling,30
Mickey Stanley,117
Joe Hauser,80
Don Blasingame,21
Melky Cabrera,88
George Moriarty,5
John Jaha,141
Jim Eisenreich,52
Sam Barkley,10
Jim Keenan,22
Nyjer Morgan,12
Dave Robertson,47
Tommy Clarke,6
Bill Robinson,166
Les Bell,66
Drew Stubbs,84
Todd Frazier,73
Dave Brain,27
Leon Roberts,78
Jack O'Brien,11
Starlin Castro,51
Lyle Overbay,151
Freddie Freeman,86
Shorty Fuller,6
Jed Lowrie,56
Josh Reddick,66
Mike Marshall,148
Mike McGeary,0
Greg Brock,110
Ray Mueller,56
Ray Grimes,27
Michael Brantley,46
Ted Easterly,8
George Watkins,73
Jerry Remy,7
Bob Robertson,115
Gus Mancuso,53
Dean Palmer,275
Eric Byrnes,109
Bill Everitt,11
Joe Hornung,31
George Gibson,15
Hy Myers,32
Mike Jorgensen,95
Buddy Rosar,18
George Hall,13
Juan Beniquez,79
Dick Stuart,228
Bill Keister,18
Bill Kuehne,25
Matt Nokes,136
Chick Fulmer,8
Earl Williams,138
Pat Mullin,87
Salvador Perez,44
Beals Becker,45
Al Wickland,12
Mike Pagliarulo,134
Pat Duncan,23
Russell Branyan,194
Harry Walker,10
Joe Collins,86
Charlie O'Brien,56
Eddie Burke,30
Peter Bourjos,28
George Uhle,9
Manny Trillo,61
Alex Avila,62
Luke Scott,135
Jack McCarthy,7
Red Lucas,3
Joel Youngblood,80
Roy Hartzell,12
Tom Pagnozzi,44
Willie Aikens,110
Dave May,96
Maicer Izturis,39
Glenallen Hill,186
Eric Hinske,137
Leo Gomez,79
Dude Esterbrook,6
Mike Andrews,66
Ray Fosse,61
Dave Philley,84
Clint Courtney,38
John Buck,134
Don Wert,77
Harry Wolverton,7
Peanuts Lowrey,37
Craig Reynolds,42
Johnny Hodapp,28
Preston Wilson,189
Randy Ready,40
Danny Hoffman,14
Mark DeRosa,100
Seth Smith,85
Lorenzo Cain,17
Ed Brinkman,60
Jerry Browne,23
Goody Rosen,22
Dave Roberts,23
Jerry Adair,57
Germany Schaefer,9
Dan Ford,121
Charley Bassett,15
Clyde Barnhart,27
Austin McHenry,34
Pete Incaviglia,206
Ollie Pickering,9
Levi Meyerle,10
George Altman,101
Dale Long,132
Jeffrey Leonard,144
Manny Machado,33
Charlie Gelbert,17
Possum Whitted,23
Kevin Kouzmanoff,87
Hod Ford,16
Steve Henderson,68
David Freese,54
Phil Weintraub,32
Johnny Wyrostek,58
Ozzie Virgil,98
Mike Lansing,84
Hank Edwards,51
David Murphy,94
Reed Johnson,65
Hick Carpenter,18
Ed Lennox,18
Dave Nilsson,105
Ron Oester,42
Max Alvis,111
Babe Young,79
Ed Abbaticchio,11
Gerardo Parra,42
Les Fleming,29
John Lowenstein,116
Pinky May,4
Debs Garms,17
Jason LaRue,96
Jim Essian,33
Doug Glanville,59
Jim Rivera,83
Buck Jordan,17
Michael Tucker,125
Morrie Rath,4
Aaron Boone,126
Gene Hermanski,46
Nemo Leibold,3
Jim Viox,7
Harry Wolter,12
Jim Tabor,104
Carlos Quentin,154
Spike Owen,46
Sadie Houck,4
Otis Nixon,11
Del Bissonette,66
Cliff Carroll,31
Starling Marte,30
Tito Fuentes,45
Nate McLouth,101
Mike Menosky,18
Scott Podsednik,42
Deron Johnson,245
Bobby Morgan,53
Felipe Lopez,90
Lenny Green,47
James Loney,95
Billy Butler,127
Buddy Kerr,31
Corey Patterson,118
Hank Blalock,153
George Shoch,10
Danny Cater,66
Marty Barrett,18
Bill Spiers,37
Luke Easter,93
Luis Alicea,47
Mark Reynolds,224
Clyde Engle,12
Pete Gillespie,10
Rick Cerone,59
Jimmie Wilson,32
Joe Garagiola,42
Pete Hotaling,9
Bryce Harper,55
Walter Johnson,24
Dusty Miller,22
Ken Phelps,123
Dexter Fowler,48
Tony Piet,23
Jim King,117
Alberto Callaspo,51
Bob Lemon,37
Joe Sommer,11
Tommy Griffith,52
Chris Denorfia,38
Gates Brown,84
Ed Kirkpatrick,85
Ollie Brown,102
Scott Hatteberg,106
Otto Velez,78
Roy Howell,80
Jack Howell,108
Ryan Hanigan,25
Fred Mann,12
Joe Gerhardt,7
Doc Cramer,37
Carlos May,90
Shano Collins,22
Todd Walker,107
Jake Virtue,7
Nick Esasky,122
Chuck Dressen,11
Clyde McCullough,52
Johnny Groth,60
Ollie Beard,4
Alcides Escobar,21
Walt Moryn,101
Ryan Freel,22
Ray Powell,35
Ken O'Dea,40
Jason Kipnis,44
Walton Cruise,30
Craig Grebeck,19
Harry Taylor,3
Tony Boeckel,27
Chad Kreuter,54
Hersh Martin,28
Billy Clingman,8
Oddibe McDowell,74
Gregor Blanco,15
Alex Gonzalez,137
Yasiel Puig,35
Early Wynn,17
Bill Kenworthy,18
Enos Cabell,60
Andrelton Simmons,27
Charlie Duffee,35
Joe Azcue,50
Tom Brookens,71
Wayne Causey,35
George Tebeau,15
Ivan DeJesus,21
Jim Busby,48
Ryan Doumit,104
Brian Schneider,67
Buster Adams,50
Craig Gentry,4
Bill Carrigan,6
Jack Lapp,5
Glenn Beckert,22
Bones Ely,24
Dante Bichette,274
Pedro Feliz,140
Johnny Moore,73
Rebel Oakes,15
Alex Gonzalez,157
Joe Connolly,14
Bob Johnson,44
Reddy Mack,6
Mickey Morandini,32
Bernie Allen,73
Tom Paciorek,86
Jason Michaels,59
Erubiel Durazo,94
John Kerins,20
Rollie Zeider,5
Ken Landreaux,91
Eddie Waitkus,24
Del Rice,79
Scott Spiezio,119
Kevin Millar,170
Clint Barmes,86
Charlie Irwin,16
Bill Salkeld,31
Butch Henline,40
Mike Dorgan,4
Willie Kirkland,148
Jack Hiatt,22
Adam Everett,40
Pop Snyder,9
Brendan Ryan,19
Billy Cox,66
Charlie Moore,36
Marvin Benard,54
Eric Tipton,22
Eddie Murphy,4
Alejandro De Aza,38
Dickey Pearce,2
Billy Lush,8
Chris Singleton,45
George Perring,9
Doug Mientkiewicz,66
Charlie Reilly,17
Miguel Olivo,145
Jim Hegan,92
Bill Hall,125
Yoenis Cespedes,71
Ethan Allen,47
Anthony Rizzo,71
Al Spalding,2
Ryan Church,56
Bert Daniels,5
Vin Campbell,15
Spike Shannon,3
Troy O'Leary,127
Mike Aldrete,41
Jim Leyritz,90
Alex Johnson,78
Greg Colbrunn,98
Wes Covington,131
George Mullin,3
Frank Duffy,26
Schoolboy Rowe,18
Alex McKinnon,14
Jim Lemon,164
Yorvit Torrealba,56
Ron Blomberg,52
Sam Bohne,16
Jimmy Brown,9
Ed Cartwright,24
Bill Hallman,21
Al Shaw,14
Chris Davis,156
Les Nunamaker,2
Dom Dallessandro,22
Jarrod Saltalamacchia,89
Jeffrey Hammonds,110
Gary Geiger,77
Cameron Maybin,32
Joe Mulvey,29
Billy Klaus,40
Tom Jones,4
Bill Coughlin,15
Sam Jethroe,49
Jimmy Cooney,4
Ernie Johnson,19
Darren Bragg,46
Floyd Baker,1
Rajai Davis,35
Cliff Pennington,27
Dick Padden,11
Cristian Guzman,62
Kevin Mench,89
Ellie Hendricks,62
Ryan Sweeney,23
Silver Flint,21
John Vander Wal,97
Anthony Rendon,28
Tom Carey,5
Darren Lewis,27
Jose Altuve,21
Omar Moreno,37
Eddie Kasko,22
Milt Byrnes,16
Greg Myers,87
Joe Oliver,102
Danny Moeller,15
Ryan Theriot,17
Dick Gernert,103
Tim Flannery,9
Jim Whitney,18
Kevin Young,144
Dick Schofield,21
Lew Riggs,28
Don Kessinger,14
Cal Abrams,32
Buttercup Dickerson,4
Mike Shannon,68
Ron Swoboda,73
Tommy Helms,34
Brett Lawrie,43
F.P. Santangelo,21
Buddy Hassett,12
Greasy Neale,8
Greg Walker,113
Ed Bouchee,61
D'Angelo Jimenez,36
Frankie Pytlak,7
Dick Egan,4
Bob Gibson,24
John Farrell,4
Tony Solaita,50
Joe Wood,23
Khalil Greene,90
Zeb Terry,2
Frankie Gustine,38
Jim Dwyer,77
Chris Fulmer,1
Mike Redmond,13
Joe Battin,3
Bo Jackson,141
John Jaso,32
Dusty Cooke,24
Steve Yerkes,6
Johnny Rizzo,61
Jimmy Welsh,35
U L Washington,27
Jack O'Connor,19
Lew Brown,10
Fritz Maisel,6
Julian Javier,78
Gary Thomasson,61
Rocco Baldelli,60
Al Martin,132
Wilson Ramos,46
Nixey Callahan,11
Kelly Shoppach,70
Freddy Leach,72
Len Randle,27
Jerry Kenney,7
Frank Hankinson,13
Birdie Tebbetts,38
Bret Barberie,16
Roger Repoz,82
Charlie Neal,87
Doc Lavan,7
Ed Herrmann,80
Junior Spivey,48
Wes Fisler,2
John Ganzel,18
Mike Ivie,81
Al Zarilla,61
Fred Haney,8
Harry Bemis,5
Bill Rariden,7
Gordy Coleman,98
Del Gainer,14
Carl Mays,5
Doc Crandall,9
Juan Rivera,132
Ossee Schreckengost,9
Joe Dugan,42
Damaso Garcia,36
Lance Richbourg,13
Kid Gleason,15
Pete Kilduff,4
Nick Hundley,52
Jack Manning,14
Blondie Purcell,13
John Cangelosi,12
Gene Freese,115
Fernando Tatis,113
Thurman Tucker,9
Shawon Dunston,150
Dave Eggler,0
Roy Weatherly,43
Lefty Marr,2
Ben Revere,2
Larry Brown,47
Bill Sample,46
Bob Fisher,11
Dick Howser,16
Luis Salazar,94
Bill McKechnie,8
Don Buddin,41
Ken Harrelson,131
Dave Duncan,109
Jerry Coleman,16
Hal Smith,58
Tommy Glaviano,24
Bruce Benedict,18
Fred Jacklitsch,5
Tim Hulett,48
Andy Leonard,4
Alex Trevino,23
Bobby Brown,22
Moose Solters,83
Doug Baird,6
Brandon Crawford,26
Val Picinich,26
Travis Lee,115
Eddie Grant,5
Sammy White,66
Brandon Belt,45
Joe Yeager,4
Alex Kampouris,45
Lou Klein,16
Dick Siebert,32
Mitchell Page,72
Amby McConnell,3
Rip Radcliff,42
Eddie Moore,13
Dave Altizer,4
Johnny Rawlings,14
Daric Barton,30
Tommy McCraw,75
Gary DiSarcina,28
Rudy Law,18
Mel Hall,134
John Richmond,5
Felix Jose,54
Chris Stynes,51
George Mitterwald,76
Jeff Reed,61
Gene Oliver,93
Mike Hegan,53
Oscar Grimes,18
Warren Spahn,35
Mark Lemke,32
Emil Gross,7
John Wockenfuss,86
Fred Hartman,10
Fran Healy,20
Charlie Deal,11
Jumbo Davis,14
Howie Shanks,25
Danny Espinosa,55
Tony Eusebio,30
Dave Bergman,54
Juan Encarnacion,156
Dal Maxvill,6
Kirt Manwaring,21
Art Shamsky,68
Pat Collins,33
Eddie Taubensee,94
Mike Gonzalez,13
Babe Pinelli,5
Billy Gilbert,4
Pinky Hargrave,39
Brian Dozier,47
Bill Pecota,22
Rich Becker,45
Lou Johnson,48
Welington Castillo,27
Willie Montanez,139
Jimmy Walsh,25
Kenji Johjima,48
Jeff DaVanon,33
Red Wilson,24
Cookie Rojas,54
Barney Gilligan,3
Dustin Ackley,36
Garrett Atkins,99
Buck Martinez,58
William Fischer,10
Chief Roseman,17
Chris Cannizzaro,18
Tom Lampkin,56
Gerald Laird,38
Jack Gleason,9
Walt Dropo,152
Billy Sullivan,29
Johnny Barrett,23
Tadahito Iguchi,44
Rod Barajas,136
Bobby Crosby,62
Dave Chalk,15
Marty Cordova,122
Jake Gibbs,25
Jody Gerut,59
Scott Cooper,33
Larry McLean,6
Jake Early,32
Ben Grieve,118
Rick Manning,56
Bill Rigney,41
Mike Lum,90
Pokey Reese,44
Adam Lind,146
Eddie Brown,16
Fred Lewis,4
Chad Tracy,86
Bob Forsch,12
Morrie Arnovich,22
Todd Pratt,49
Steve Ontiveros,24
John Warner,6
Christy Mathewson,7
Frank Brower,30
Jimmy Bannon,19
Jack Cust,105
Brandon Moss,91
Verne Clemons,5
Bob Ganley,2
Ray Mack,34
Mark Bellhorn,69
Ernie Orsatti,10
Dave Harris,32
Manuel Lee,19
Alex Metzler,9
Jack Remsen,8
Geronimo Pena,30
Ken Boswell,31
Herm McFarland,13
Tony Horton,76
Andre Rodgers,45
George Myatt,4
Casey McGehee,65
Johnny Lipon,10
Jose Uribe,19
Mickey Rocco,30
Chris Heisey,50
Zack Cozart,33
Jeff Treadway,28
Willie Clark,2
Joe Quinn,29
Hal Wagner,15
Glenn Braggs,70
A.J. Ellis,28
Don Drysdale,29
Mike Aviles,53
Dave Fultz,3
Bobby Richardson,34
Ron Jackson,56
Steve Carlton,13
Russ Snyder,42
Len Koenecke,22
Darwin Barney,19
Gene Baker,39
Tony Mullane,8
Deion Sanders,39
Hack Miller,38
Dioner Navarro,66
Burgess Whitehead,17
Art Whitney,6
Doug Allison,2
Mickey Witek,22
Nori Aoki,19
Jack Lelivelt,2
Pat Seerey,86
Lew McCarty,5
Hal Lee,33
Chris Brown,38
Dick Higham,4
Nig Clarke,6
Bob Unglaub,5
Kevin Elster,88
Jigger Statz,17
Ivy Olson,13
Jeff Reboulet,20
Josh Harrison,20
Cotton Tierney,31
Tim Hendryx,6
Ed Ott,33
Henry Blanco,72
R.J. Reynolds,35
Dick Porter,11
Tex McDonald,13
Jason Castro,40
Ed Hahn,1
Mike Young,72
Bill Tuttle,67
Allen Craig,58
Tim Foli,25
Bruce Edwards,39
Specs Toporcer,9
Emilio Bonifacio,13
Alex Ochoa,46
Tom Glavine,1
Geronimo Berroa,101
Charlie Ferguson,6
Bill McClellan,6
Rex Hudler,56
Lee Walls,66
Ed Phelps,3
Ron Hodges,19
Mox McQuery,13
Ryan Roberts,46
Adam Comorosky,28
Harry Niles,12
Mike Benjamin,24
Leonys Martin,15
Earl Grace,31
Lee Handley,15
Bob Dillinger,10
Paul Sorrento,166
Ed Kranepool,118
Lance Blankenship,9
Mark Koenig,28
Sandy Alomar,13
Pedro Alvarez,104
Dick Sisler,55
Josh Devore,11
Mickey Owen,14
Glenn Borgmann,16
Jimmy Esmond,9
Sean Rodriguez,45
Ike Davis,78
Jeff Francoeur,140
Michael Barrett,98
Al Wingo,9
John Dobbs,7
Jonny Gomes,155
Joe Girardi,36
Lou Berberet,31
Damian Jackson,32
Dave Rader,30
Evar Swanson,7
Lamar Johnson,64
Oris Hockett,13
Terry Whitfield,33
Pep Young,32
Lee Thomas,106
George Crowe,81
Billy Grabarkewitz,28
Wilbur Good,9
Mike Cubbage,34
Deivi Cruz,70
Spud Johnson,4
Hank Foiles,46
Ernie Koy,36
Bill Serena,48
Gerald Williams,85
Burleigh Grimes,2
Willy Taveras,8
Lew Ford,35
Bris Lord,13
Jack Stivetts,35
Frank Menechino,36
John Orsino,40
Claude Rossman,3
Jerry May,15
Al Ferrara,51
Kevin Stocker,23
Don Padgett,37
Wes Schulmerich,27
Les Moss,63
Rob Wilfong,39
Alex Grammas,12
Bill Sudakis,59
Leroy Stanton,77
Eli Marrero,66
Fred Odwell,10
Butch Nieman,37
Shane Spencer,59
Henry Rodriguez,160
Steve Bilko,76
Pop Schriver,16
Craig Wilson,99
Billy Urbanski,19
Charlie Babb,0
Sean Berry,81
Jerry Hairston,30
Eddie Mayo,26
John Wathan,21
Ramon Castro,67
Mark Trumbo,109
Lou Criger,11
Brent Mayne,38
Ronny Paulino,33
Felix Mantilla,89
Don Lenhardt,61
Jimmy Ripple,28
Sandy Amoros,43
Alan Wiggins,5
Joe Tipton,29
Frank Baumholtz,25
Ted Lepcio,69
Jack Dalton,4
Dick Johnston,33
Olmedo Saenz,73
Keith Moreland,121
Ernest Riles,48
Matt Murton,29
Jon Nunnally,42
Derrel Thomas,43
Harry Simpson,73
Doug Mirabelli,58
Patsy Gharrity,20
Livan Hernandez,10
Farmer Weaver,9
Mike Moustakas,52
Steve Brady,4
Jeff Keppinger,45
Gaby Sanchez,61
Clyde Kluttz,19
Gordon Beckham,63
Marlon Anderson,63
Pat Moran,18
Rob Mackowiak,64
Terrence Long,69
Sean Burroughs,12
David Dellucci,101
Shad Barry,10
Ike Caveney,13
Pete Coscarart,28
Joe Orsulak,57
Johnny Gooch,7
Grover Gilmore,2
Billy Sunday,12
Ron Kittle,176
Jimmy McAleer,12
Jose Lopez,92
Johnny Vergez,52
Ralph Hodgin,4
Chris Snyder,77
Jack Perconte,2
Daniel Nava,23
Bob Bailor,9
Babe Borton,4
Mike Anderson,28
Brian Hunter,25
Admiral Schlei,6
Bud Stewart,32
Ike Boone,26
Matt Batts,26
Otto Krueger,5
Al Scheer,5
Carl Sawatski,58
Dave Revering,62
Stu Martin,16
Bill Crowley,8
Ernie Courtney,5
Steve Pearce,38
Moose McCormick,6
Gabe Kapler,82
Larry Rosenthal,22
Charlie Ganzel,10
Mike Muldoon,10
Daryl Boston,83
Catfish Metkovich,47
Gabe Gross,40
Harry Schafer,4
Glenn Myatt,38
Rip Repulski,106
Guy Curtright,9
Bob Boyd,19
Bill White,6
Jimmy Knowles,9
Mike Sharperson,10
Tom Foley,32
Dion James,32
Shane Halter,45
Bill Knickerbocker,28
Kiddo Davis,19
Herbert Perry,55
Harry Anderson,60
Billy Maloney,6
Turner Ward,39
Michael Saunders,51
John Sneed,4
Bill Craver,2
Buzz Boyle,12
Scott Servais,63
Miguel Cairo,41
Kendrys Morales,110
Brady Clark,36
Dave Hansen,35
Duffy Dyer,30
Dick Brown,62
Nate Schierholtz,52
Buck Rodgers,31
Billy Taylor,8
Brad Fullmer,114
Dale Berra,49
Jose Vizcaino,36
Joe Lahoud,65
Phil Roof,43
Sam Fuld,10
Red Killefer,3
Bob Stinson,33
Marty Sullivan,26
Tim O'Rourke,1
Todd Hollandsworth,98
Ruben Rivera,64
Johnny Cooney,2
Jackie Hayes,20
Leo Durocher,24
Bunk Congalton,6
Dick Williams,70
Bob Oliver,94
Al Myers,13
Bob Wood,2
Everth Cabrera,12
John Coleman,7
Jim Kaat,16
Bill Stein,44
Carden Gillenwater,11
Mike Fontenot,27
Jack Brohamer,30
Barry Foote,57
George Strickland,36
Don Johnson,8
Pat Sheridan,51
Bill Barrett,23
Benny McCoy,16
Bob Dernier,23
Danny Murtaugh,8
Smead Jolley,46
Lew Drill,2
John Hatfield,3
George Anderson,5
Don Pavletich,46
Ed Gremminger,7
Algie McBride,12
Geno Petralli,24
Joe Lefebvre,31
Gus Williams,12
Ecky Stearns,8
Kiko Garcia,12
Ed Andrews,12
Brian Daubach,93
Cozy Dolan,10
Josh Bard,39
Ramon Santiago,30
Bill Greenwood,8
Geoff Blum,99
Bert Niehoff,12
Frank Shugart,22
Jake Evans,1
Jimmy Walsh,6
John McMullin,4
Mike Mansell,9
Vern Law,11
Charlie Bastian,11
Ed Sprague,152
Devin Mesoraco,41
Bert Haas,22
Luis Valbuena,45
Mike McCormick,14
Akinori Iwamura,16
Mike Blowers,78
Bubba Trammell,82
Sam Trott,3
Scott Hairston,106
Norm Larker,32
Pat Borders,69
Doc Bushong,2
Fred Lewis,27
Fred Corey,7
Jeff Frye,16
Kosuke Fukudome,42
Oscar Walker,11
Eric McNair,82
Pat Deasley,0
Dave Rowe,8
Xavier Nady,104
Chuck Carr,13
Earl Averill,44
Willie Greene,86
Dick Kokos,59
Bubba Morton,14
Tony Gwynn,7
Jose Guillen,214
Gerald Young,3
Justin Ruggiano,43
Grover Hartley,3
Toby Hall,46
Shea Hillenbrand,108
Mike Fitzgerald,48
Pat Kelly,36
Jerald Clark,44
Kaz Matsui,32
Dizzy Trout,20
Babe Dahlgren,82
Tom Poorman,12
Bobby Darwin,83
Marc Hill,34
Chippy McGarr,9
Marv Owen,31
Al Evans,13
Jack Coombs,4
Jim Greengrass,69
Jerry McNertney,27
Garrett Jones,117
Luis Polonia,36
Dustan Mohr,49
Frank Torre,13
Bob Jones,7
Al Todd,35
Jerome Walton,25
Frank Killen,11
Lou Clinton,65
Jack Hannahan,29
Mark Carreon,69
Hugh High,3
Armando Rios,36
Fred Hatfield,25
Matt Diaz,45
Claude Osteen,8
Art Griggs,5
Davey Williams,32
Dutch Ruether,7
Hobie Landrith,34
Bama Rowell,19
Chris Johnson,55
Terry Crowley,42
Rip Williams,2
John Knight,14
Joe Ginsberg,20
Everett Mills,2
Duane Josephson,23
Fred Whitfield,108
Alex Cora,35
Ray Demmitt,8
Russ Wrightstone,60
Joe Quest,1
Barry McCormick,15
Stan Rojek,4
Steve Brye,30
David Green,31
John Ellis,69
Gene Clines,5
Frank House,47
Estel Crabtree,13
Ben Davis,38
Larry Kopf,5
Ron Woods,26
Rich Amaral,11
Dave Anderson,19
Urban Shocker,1
Jim Gleeson,16
Joe Sugden,3
Jesse Tannehill,5
Cliff Bolton,6
Harry Craft,44
Franklin Stubbs,104
Curry Foley,6
Billy O'Brien,32
Charlie Berry,23
Clyde Vollmer,69
Justin Turner,15
Einar Diaz,21
Randy Moore,27
Sam Mele,80
Lefty Davis,3
Rube Ellis,13
Chet Chadbourne,2
Keith Lockhart,44
Tim Laudner,77
Reggie Jefferson,72
Ricky Jordan,55
Wayne Krenchicki,15
Beau Bell,46
Billy Conigliaro,40
Bernie Friberg,38
Joe Bush,7
Mike Tresh,2
Fatty Briody,3
Claude Cooper,4
Emil Brown,59
Harry McCurdy,9
Billy Martin,64
Fred Valentine,36
Monk Cline,2
Bobby Del Greco,42
Dave Gallagher,17
Eddie Ainsmith,22
Ryan Raburn,74
Denny Mack,1
Al Burch,4
Jimmy Archer,16
Tom Goodwin,24
Tommy Sheehan,1
Ed Caskin,2
Joe Koppe,19
Wilin Rosario,65
Jay Gibbons,127
Tim Murnane,5
Jimmy Sebring,6
Endy Chavez,30
Martin Powell,3
George Magoon,2
Tom Seaver,12
Ryan Thompson,52
George Bechtel,3
John Irwin,3
Ryan Langerhans,33
Jerry Lynch,115
Chris James,90
Joe Werrick,10
Johnny Blanchard,67
Ruben Tejada,7
Sam Dungan,3
Otis Clymer,2
Rick Ankiel,76
Bobby Kielty,53
Jorge Cantu,104
Ira Thomas,3
Frank Bowerman,13
Luis Matos,30
Joey Cora,30
George Treadway,12
Bob Coluccio,26
Jerry Martin,85
Doc Johnston,14
Donnie Hill,26
Jose Molina,39
Alex Cole,5
Joe Astroth,13
Dolf Luque,5
Robert Fick,69
Eddie Plank,3
Jim Devlin,1
Mike Matheny,67
Cozy Dolan,6
Charley Smith,69
Kelly Stinnett,65
Ed Spiezio,39
Craig Kusick,46
Michael Morse,99
Frank Gilhooley,2
Ron Roenicke,17
Hap Myers,4
Steve Lombardozzi,20
John Grim,16
Hooks Dauss,6
Heinie Mueller,22
Jim Field,10
Clint Hurdle,32
Bill Sarni,22
Cy Perkins,30
Wayne Terwilliger,22
Jack Rothrock,28
Jimmy Cooney,2
Connie Mack,5
Dave Stapleton,41
Swede Risberg,6
Lenny Webster,33
Jose Pagan,52
Tom Long,6
Camilo Pascual,5
Jim Spencer,146
Jerry White,21
Woody Williams,1
Rick Leach,18
Rollie Hemsley,31
Jocko Fields,12
George Thomas,46
Charlie Pick,3
Chris Shelton,37
Chief Bender,6
Con Daily,2
Jimmy Macullar,7
Tyler Flowers,37
Bubba Phillips,62
Rene Gonzales,19
Willie Harris,39
Doc Miller,12
Joe Visner,12
Brad Hawpe,124
Andy Dirks,24
Bob Scheffing,20
Brent Gates,25
Jim Nealon,3
Felix Torres,27
Ed Fitz Gerald,19
George Bradley,3
Tony Scott,17
Billy Hatcher,54
Bernie Neis,25
Billy Sullivan,21
Rob Ducey,31
Dick Bertell,10
Bob Kearney,27
Chet Ross,34
Jean Segura,17
Carl Taylor,10
Gene Stephens,37
Tony Lupien,18
John Smoltz,5
Johnny Oates,14
Ham Hyatt,10
Jose Lind,9
Marty Kavanagh,10
Bill Brubaker,22
Al Orth,12
Chris Coghlan,30
Greg Pryor,14
Wilbur Cooper,6
Billy Ripken,20
Cam Carreon,11
Reb Russell,22
Peaches Graham,1
Bill Schroeder,61
Dwight Smith,46
Ted Lyons,5
Barry Bonnell,56
Lenn Sakata,25
Billy Gardner,41
Charlie Dexter,16
Johnny Estrada,42
Junior Felix,55
Chuck Workman,50
Lou Stringer,19
Ken Reitz,68
Jerry Turner,45
Dutch Meyer,10
Rocky Bridges,16
Mickey Livingston,19
Dave Engle,31
Al Gallagher,11
Larry Woodall,1
George Hausmann,3
Lon Warneke,4
Fergy Malone,1
Ty Wigginton,169
Jim Finigan,19
Charlie Jones,5
Wil Cordero,122
So Taguchi,19
Yonder Alonso,27
Johnny McCarthy,25
Brickyard Kennedy,1
Mark Bailey,24
Rich Coggins,12
Dick Buckley,26
Conor Jackson,52
Herman Dehlman,0
Pancho Herrera,31
Walter Schmidt,3
Joe Birmingham,7
Leon Culberson,14
Alfredo Amezaga,12
Art Phelan,8
Phil Plantier,91
Chris Duncan,55
Whitey Ford,3
Bennie Warren,33
Derrick May,52
Kevin Orie,22
Benny Meyer,7
Lon Knight,3
Pinch Thomas,2
Simon Nicholls,4
Casey Candaele,11
Paddy Baumann,4
J.D. Martinez,47
Greg Olson,20
Mike Vail,34
Trevor Plouffe,62
John Flaherty,80
Sam Jones,6
Milt Scott,5
Billy Moran,28
Butch Schmidt,4
Jim Norris,7
Fred McMullin,1
Joey Gathright,1
Frank Welch,41
Johnny Peacock,1
Eddie Perez,40
Steve Lake,18
Joe Grace,20
Lonnie Chisenhall,36
Cesar Izturis,17
Bob Tillman,79
Ray Lamanno,18
John Bateman,81
Ray Caldwell,8
Milt Cuyler,10
Gibby Brack,16
Creepy Crespi,4
Jake Flowers,16
Ad Gumbert,15
Sam Horn,62
Charlie Blackmon,28
Champ Summers,54
Gail Hopkins,25
Josh Phelps,64
Del Howard,6
Emil Verban,1
Juice Latham,0
Bob Schmidt,39
Jose Tabata,17
Thad Bosley,20
Roy Hughes,5
Joe Hague,40
Laynce Nix,69
Tuck Turner,7
Alvaro Espinoza,22
Rick Peters,2
Tito Landrum,13
Tim Shinnick,2
Carlos Quintana,19
Ed Coleman,40
Bill Harbidge,2
Javier Valentin,45
Jesse Hill,6
Roy Smalley,61
Henry Easterday,9
Shane Andrews,86
Steve Balboni,181
Dasher Troy,4
Don Kolloway,29
Gene Robertson,20
Jackie Tavener,13
Roy Foster,45
Craig Worthington,33
Red Shannon,0
Willy Aybar,33
George Vukovich,27
Tom O'Brien,10
Marv Breeding,7
Jim Dyck,26
Toby Atwell,9
Al Spangler,21
Lew Whistler,12
Mariano Duncan,87
Tom Downey,7
Robin Roberts,5
Brook Fordyce,41
Armando Marsans,2
Adonis Terry,15
Art Butler,3
Vance Wilson,25
Humberto Quintero,20
Al Maul,7
Henry Cotto,44
Klondike Douglass,10
Hal Peck,15
Bob Addy,1
Ned Cuthbert,8
Wilson Betemit,75
Pat Tabler,47
Jim Presley,135
Red Worthington,12
Scott Stratton,8
Gus Felix,12
Vern Duncan,4
Tom Padden,2
Chick Fullis,12
Travis Snider,50
Mickey Hatcher,38
Joe Boley,7
Dave Nelson,20
Nat Hicks,1
Charlie Lau,16
Steve Souchock,50
Dib Williams,29
Herbie Moran,2
Ty Cline,6
Dain Clay,3
Benny Agbayani,39
Cliff Lee,38
Pat Meares,58
Doc Cook,3
Bill Haselman,47
Don Ross,12
Jimmy Wasdell,29
Jim Delsing,40
Tom Poquette,10
Joe Evans,3
Dusty Rhodes,54
Gino Cimoli,44
Casey Kotchman,71
Hick Cady,1
Ray Jablonski,83
Dee Fondy,69
Ted Savage,34
Farmer Vaughn,21
Art Nehf,8
Danny Heep,30
Bill Almon,36
Eric Young,8
Hee Seop Choi,40
Johnny Burnett,9
Craig Monroe,115
Bob Montgomery,23
Whitey Herzog,25
Lou Merloni,14
Ed Stevens,28
Jack Taylor,2
Tom Zachary,6
Sy Sutcliffe,6
Fernando Valenzuela,10
Bob Hamelin,67
Jeremy Giambi,52
Bob Melvin,35
Nap Reyes,13
Rey Ordonez,12
Tim Cullen,9
Junior Kennedy,4
Mark Quinn,45
Steve Boros,26
Johnny Watwood,5
Eric Hosmer,59
Johnny Dickshot,7
Luis Olmo,29
Earl Smith,9
Danny Bautista,62
Lena Blackburne,4
Babe Adams,3
Gordon Slade,8
John Shelby,70
Ed Sweeney,3
Norm Zauchin,50
Phil Reccius,4
John Glenn,1
Billy Smith,17
Bill Lamar,19
Howard Freigau,15
Mickey Welch,12
Win Mercer,7
Bob Randall,1
Damon Berryhill,47
Esteban German,8
Frank Taveras,2
Sal Fasano,47
Jesus Guzman,25
Gene Green,46
Frank Kitson,4
Bobby Valentine,12
Mike Lamb,69
Don Zimmer,91
Walt Williams,33
Fred Kendall,31
Luis Aguayo,37
Orlando Palmeiro,12
Hank DeBerry,11
Jimmy Bloodworth,62
Jouett Meekin,15
Marcus Thames,115
Dick Culler,2
Ruben Amaro,8
Roy Partee,2
Bob Barton,9
Charlie Carr,6
Ian Stewart,61
Rodney Scott,3
Buddy Bradford,52
Larry Sheets,94
Warren Morris,26
Rafael Ramirez,53
Homer Summa,18
Hal Newhouser,2
Thomas Howard,44
Mike Hershberger,26
Jerry Reuss,1
John Mayberry,53
Mark Salas,38
Ben Broussard,87
Lucas Duda,74
Whitey Alperman,7
Luis Sojo,36
Dee Gordon,4
Mark Johnson,16
Brian Johnson,49
Lew Burdette,12
Red Kleinow,3
Clark Griffith,8
Ramon Vazquez,22
Bennie Tate,4
Warren Newson,34
Keith Miller,12
Ron Coomer,92
Steve Mesner,2
Denny Sullivan,1
Bobby Estalella,48
Coaker Triplett,27
Frenchy Bordagaray,14
Ed Walsh,3
Bobby Brown,26
Bob Meacham,8
Fred Beck,33
Jeff Baker,51
Jimmy Burke,1
Pop Foster,10
John Henry,2
Sammy Byrd,38
Bill Wambsganss,7
Ben Francisco,50
Benji Gil,32
Jim Gosger,30
Mark Teahen,67
Cub Stricker,12
Billy Purtell,2
Roger Metzger,5
Andy Kosco,73
Joe Marty,44
DJ LeMahieu,9
Keith Ginter,38
Juan Bonilla,7
Damon Buford,54
Gary Allenson,19
Bill Hague,2
Guy Zinn,15
Don Gutteridge,39
Alex McCarthy,5
Joe Nolan,27
Sammy Taylor,33
Jim Donnelly,2
Jerry Moses,25
Bill Sherdel,9
Red Dooin,10
Johnny Lush,2
Jeremy Reed,12
Leron Lee,31
Al Pilarcik,22
Mark Parent,53
Tom Grieve,65
Tom McLaughlin,2
Danny Valencia,37
Neal Ball,4
Tubby Spencer,3
Reid Nichols,22
Pug Bennett,1
Danny Thompson,15
Mike DiFelice,28
Murry Dickson,3
Garth Iorg,20
Jo-Jo White,8
Dan Johnson,57
Tracy Jones,27
Eduardo Perez,79
Fred Manrique,20
Chuck Essegian,47
Joe Orengo,17
Rich Reese,52
Logan Morrison,53
Norm Miller,24
Bill Regan,18
Augie Ojeda,7
Jason Tyner,1
Tim Corcoran,12
Duane Kuiper,1
Larry Harlow,12
Larry Stahl,36
Ed Stroud,14
Len Gabrielson,37
Richie Scheinblum,13
Phil Gagliano,14
Rico Brogna,106
Lennie Merullo,6
Bill Sharp,9
Boss Schmidt,3
Jack Lohrke,22
Ed Crane,18
Charlie Abbey,19
Buster Mills,14
Mike Slattery,8
Charley Radbourn,9
Hal Rhyne,2
Ben Sanders,5
Wally Gilbert,7
Lenny Harris,37
Scott Livingstone,17
Maurice Van Robays,20
Jason Lane,61
Blake DeWitt,21
Tim Blackwell,6
Bill Fahey,7
Josh Thole,8
Tom Parrott,15
Homer Bush,11
Jay Faatz,3
Pete Whisenant,37
Paul Richards,15
Tim Bogar,24
Bud Metheny,31
Gene Paulette,2
Skip Schumaker,27
Clyde Beck,12
Leech Maskrey,2
Chris Bando,27
Tom Satriano,21
Bill Holbert,0
Mitch Moreland,65
Joe Cassidy,2
Jeremy Hermida,65
Chris Carter,85
Hal Smith,23
Al Schweitzer,3
Tike Redman,17
Jim Clinton,4
Kevin Maas,65
Fergie Jenkins,13
Joe Schultz,15
Orlando Miller,24
Dave Nicholson,61
Tom O'Malley,13
Greg Maddux,5
Art Shires,11
Tommy Thompson,9
Ray Katt,32
John Carney,7
Randy Bush,96
Tom Prince,24
Conor Gillaspie,21
Mike Carp,27
Rube Lutzke,4
Boileryard Clarke,20
Fred Treacey,7
Russ Nixon,27
Emil Batch,7
Tom Kinslow,12
Phil Lewis,4
Fred Smith,8
Jim Holdsworth,0
Jamie Quirk,43
Brian Hunter,67
Alexi Casilla,12
Frank Gibson,8
Bryan Little,3
Walt Bond,41
Tony Womack,36
Harry Arndt,6
Hal Naragon,6
John Baker,14
Pete Alexander,11
Cory Snyder,149
Al Weis,7
Butch Hobson,98
Luke Sewell,20
Tommy Bond,0
Tim Donahue,2
Ray Hayworth,5
Walter Barbare,1
Jason Kubel,140
Bruno Betzel,2
Paul Casanova,50
Erv Dusak,24
Dick Tracewski,8
Willie Bloomquist,18
Tyler Houston,63
Ted Uhlaender,36
Steve Lyons,19
David Howard,11
Mark Sweeney,42
Joe McEwing,25
Pat Listach,5
Arnold Hauser,6
Brendan Harris,33
Donovan Solano,8
Hugh Bradley,2
Alex Arias,18
Jim Stephens,3
Johnny Neun,2
Lou Novikoff,15
Logan Forsythe,18
Tyler Colvin,49
Mike de la Hoz,25
Marty Keough,43
Butch Huskey,86
Cal Neeman,30
Don Landrum,12
Tom Hughes,6
Chuck Diering,14
Nelson Liriano,25
Larry Bigbie,31
Chris Richard,34
Milt Bolling,19
Lee Stevens,144
Brad Komminsk,23
Alex Presley,23
Cliff Mapes,38
Jim Wohlford,21
Jemile Weeks,4
Beauty McGowan,6
Chuck Schilling,23
Angel Mangual,22
Aaron Guiel,35
Mike Lehane,1
Jack Burns,44
Phil Linz,11
Mark Johnson,38
Roger Bernadina,28
Mike Felder,14
Luis Rivera,28
Nolan Reimold,44
Julio Gotay,6
Carlos Hernandez,24
Jim McCormick,4
Mike Tyson,27
Rabbit Warstler,11
John Donaldson,4
Randy Reese,14
Dave Berg,21
Jerry Royster,40
Dane Iorg,14
Ryan Spilborghs,42
Freddie Fitzsimmons,14
Wes Chamberlain,43
Pop Dillon,1
Eddie Cicotte,0
Sam Bowens,45
Joe Hoover,5
Dave Shean,6
Rick Reuschel,4
Ed Busch,0
Ted Kubiak,13
Heinie Mueller,17
Jack Boyle,23
Pepe Mangual,16
Dario Lodigiani,16
Turner Barber,2
Steve Nicosia,11
Steve Hovley,8
Tom Hutton,22
Terry Harmon,4
Kurt Stillwell,34
Reggie Willits,0
Cecil Espy,7
Ken Aspromonte,19
Juan Francisco,48
Bob Aspromonte,60
Bill Merritt,8
Ricky Ledee,63
Ruben Amaro,16
Phil Todt,57
John Mabry,96
Chris Getz,3
Woody Woodward,1
Ed Goodson,30
Jacob Brumfield,32
Bill Cunningham,9
Scott Hastings,0
Boots Day,8
Matt Franco,22
Woody Jensen,26
Josh Barfield,16
Gene Larkin,32
Dave Clark,62
Al Woods,35
Irv Hall,0
Miguel Dilone,6
Willy Miranda,6
Lou Finney,31
Jim Poole,13
General Stafford,21
Jesus Flores,23
Harry Chiti,41
Pat Putnam,63
Steve Cox,39
Walter Holke,24
Max Marshall,15
Dann Bilardello,18
Ivan Murrell,33
Mike Phillips,11
Greg Briley,29
Joey Amalfitano,9
Carlos Febles,24
Allie Clark,32
Scott Stahoviak,27
Matt Kilroy,1
Carl Warwick,31
Claude Passeau,15
Blondy Ryan,8
Frank Mancuso,5
Billy Bryan,41
Jim Connor,3
Willie Smith,46
Lee Richmond,3
Pedro Gonzalez,8
Whitey Wietelmann,7
Alberto T. Castillo,12
Buck Crouse,8
Rudy Hulswitt,3
Jerry Dybzinski,3
Pink Hawley,11
Lou Say,5
Jim Jackson,4
Jay Kirke,7
Joe Niekro,1
Wayne Tolleson,9
Will White,1
Dixie Howell,12
Midre Cummings,22
Rube Walker,35
Joel Skinner,17
Chuck Hiller,20
Gil Hatfield,6
Jayson Nix,38
Cito Gaston,91
Lew Ritter,1
Mickey Brantley,32
John McDonald,28
Joaquin Arias,6
Bill Hunnefield,9
Jesus Alou,32
Floyd Rayford,38
Scott Leius,28
Mark Smith,32
Joe Delahanty,4
Eddie Phillips,14
Doc White,2
Gary Alexander,55
Joe Farrell,5
Jeff Newman,63
Chris Jones,30
Wayne Kirby,14
Don Mueller,65
Jose Macias,26
Max Venable,18
Chico Salmon,31
Larry Biittner,29
Rocky Nelson,31
Rabbit Nill,3
Rick Schu,41
Johnny Butler,3
Cy Young,18
John Kerr,6
Jackie Hayes,10
Marv Throneberry,53
Alan Bannister,19
Lloyd McClendon,35
Tony Tarasco,34
Walter French,2
Sibby Sisti,27
Adam Rosales,24
Wally Roettger,19
Jud Birchall,1
Darryl Motley,44
Tom O'Brien,4
Willis Hudlin,5
Kurt Abbott,62
Chris Burke,23
Henry Boyle,10
Dick Kryhoski,45
Jimmy Outlaw,6
Mackey Sasser,16
Denny Doyle,16
Jose Morales,26
Gene Michael,15
Ryan Garko,55
Art Kruger,6
Mike Ryan,28
George Binks,8
Herb Pennock,4
Matt Treanor,18
Willard Brown,6
Gus Getz,2
Tim Keefe,12
Ramon Martinez,29
Tom McBride,2
Roy Hartsfield,13
Bill Voss,19
Todd Cruz,34
Dave Roberts,49
Ken Hubbs,14
Bruce Boisclair,10
Bob Shawkey,3
Hosken Powell,17
Charles Moran,1
Ed Holly,1
Fred Stanley,10
Lute Boone,6
Nanny Fernandez,16
Jim Manning,8
Bobby Sturgeon,1
Al Luplow,33
Dick McBride,0
Rob Andrews,3
Dick Burrus,11
Wally Gerber,7
Juan Marichal,4
James Mouton,18
Gerald Perry,59
Rafael Landestoy,4
Biff Pocoroba,21
Chris Woodward,33
Gabby Street,2
Mordecai Brown,2
DeWayne Wise,31
Pete Daley,18
Matthew LeCroy,60
Jim Holt,19
Sonny Jackson,7
Clyde Sukeforth,2
Broderick Perkins,8
George Strief,5
Fred Payne,1
Willie Tasby,46
Hippo Vaughn,3
Bob Kennedy,63
Jimmy Peoples,7
Harry Gleason,3
Lou Chiozza,14
Phil Geier,2
Jeff Torborg,8
Johnny Mokan,32
Rick Auerbach,9
Enzo Hernandez,2
Tom Oliver,0
Angel Berroa,46
Vic Correll,29
Harry Howell,11
Daniel Descalso,10
Junior Ortiz,5
Nick Green,17
Paul Bako,24
Mike Kingery,30
Billy Lauder,6
Bill Friel,6
Wily Mo Pena,84
Ollie Bejma,14
Roger Cedeno,40
Kevin Frandsen,15
Chuck Cottier,19
Terry Harper,36
Wes Helms,75
Bill Hallman,3
Eric Anthony,78
Doug Griffin,7
Johnny Rucker,21
Clarence Mitchell,7
Bill Killefer,4
Kevin Reimer,52
Charlie Getzein,8
Harry Wheeler,2
Jolbert Cabrera,18
Jordan Schafer,12
Luis Rodriguez,10
Luis Rivas,34
Kenny Williams,27
Matt Mieske,56
Delos Drake,5
Gail Harris,51
Manny Jimenez,26
Gil Torres,0
Robert Andino,18
Joe Gedeon,1
Andy LaRoche,22
Dan Shannon,8
Harry Lyons,7
Ray Oyler,15
Larvell Blanks,20
Sherry Robertson,26
Heinie Smith,3
Bud Clancy,12
Chick Shorten,3
Joe Christopher,29
Jake Wood,35
Bump Hadley,0
Nelson Mathews,22
Bill Renna,28
Mitch Maier,10
Paul Janish,7
Bob Heise,1
Ed Daily,19
Gary Woods,13
Rafael Santana,13
Frank Ellerbe,4
Charlie Hargreaves,4
John Cassidy,5
Lloyd Merriman,12
Jim Donahue,2
Earl Whitehill,4
Lastings Milledge,33
Don Kelly,23
Charlie Spikes,65
Jeff Hamilton,24
Bill Sweeney,5
Jim Anderson,13
Larry Twitchell,19
Zip Collins,2
Mike McNally,1
Jack Chesbro,5
Jonathan Herrera,8
Wilbur Howard,6
Johnny Hudson,4
Jeff Branson,34
Ollie O'Mara,2
Fred Warner,1
Andy Allanson,16
Rick Bosetti,17
Jeff Stone,11
Neal Finn,3
Bob Seeds,28
Marty Perez,22
Oscar Stanage,8
Russ Davis,84
Billy Alvord,3
David Newhan,23
Wilson Valdez,6
Robb Quinlan,25
Frank Parkinson,24
Wattie Holm,6
Bob Clark,1
Paul Dade,10
Jerry Buchek,22
Harry Blake,8
Jeff Huson,8
Liz Funk,6
Ron Brand,3
Andy Fox,30
Dayan Viciedo,66
Eric Owens,26
Timo Perez,26
Gil Coan,39
Dave Marshall,16
Joe Kelly,6
Freddy Spurgeon,1
Bill Hassamaer,7
Rusty Peters,8
Raul Casanova,35
Bob Swift,14
Paul Householder,29
Hank Arft,13
Glenn Hoffman,23
Keith Osik,13
Justin Smoak,74
Tommie Reynolds,12
Billy Cowan,40
Steve Swisher,20
Frank Grube,1
Charley Root,11
Al Spohrer,6
Russ Scarritt,3
Ron Washington,20
Will Foley,0
Bobby Gene Smith,13
Jerry Terrell,4
Alexi Amarista,15
Sam Leever,2
Chubby Dean,3
Johnnie Heving,1
Chris Widger,55
Kid Baldwin,7
Doug Strange,31
Tommy John,5
Ed Beecher,7
Les Mallon,8
Elmer Miller,16
Jack Powell,8
Art Hoelskoetter,2
Eddie Williams,39
Fred Hofmann,7
Preston Ward,50
Charlie James,29
Tom Needham,8
Mel Almada,15
Otto Miller,5
Joe Sullivan,11
Aaron Miles,19
Billy Consolo,9
Billy Pierce,0
Delmon Young,107
Doug Clemens,12
Rusty Torres,35
Johnny Mitchell,2
Larry Corcoran,2
J.P. Arencibia,74
Brennan Boesch,47
Jim Bucher,17
Terry Humphrey,6
A.J. Hinch,32
Jake Powell,22
Larry French,1
George Creamer,1
Scoops Carey,1
Charlie Reipschlager,0
Al Glossop,15
J.C. Martin,32
Ronny Cedeno,40
Cory Sullivan,10
Lynn Jones,7
Roman Mejias,54
Onix Concepcion,3
Bobby Clark,19
Heinie Schuble,11
Jim Canavan,30
Jack O'Brien,9
Felix Fermin,4
Luis Melendez,9
Jose Tartabull,2
Frank Delahanty,5
Jack Warner,1
Chuck Harrison,17
Mickey Lolich,0
Bobby Bragan,15
Pete Castiglione,24
Frank Scheibeck,2
John Gochnauer,0
Dale Sveum,69
Dick Harley,10
Luis Quinones,19
Nig Cuppy,1
Brant Brown,45
Mike Jacobs,100
Zack Taylor,9
Mario Guerrero,7
Ken Hamlin,11
Bobby Reeves,8
Darnell Coles,75
Mickey Haslin,9
Don Hahn,7
Desi Relaford,40
Jack O'Neill,1
Chris Gwynn,17
Terry Shumpert,49
Herm Winningham,19
Gene Desautels,3
Charley O'Leary,3
Jermaine Allensworth,15
Wayne Nordhagen,39
Walter Blair,3
Candy Cummings,0
Ryan Christenson,16
John Boccabella,26
Parke Wilson,3
Jim Bunning,7
Curt Simmons,1
Curtis Goodwin,3
Billy Zitzmann,3
Steve Rogers,0
Ralph Young,4
Al Newman,1
Alex Sanchez,6
Hal Lanier,8
Yuniesky Betancourt,80
John O'Brien,12
Matt Dominguez,42
Quinton McCracken,21
Benny Bengough,0
Pete LaCock,27
Deacon Phillippe,3
Carlos Garcia,33
Merv Shea,5
Carmen Castillo,55
Tommy Bridges,0
Brayan Pena,23
Heinie Sand,18
Chico Ruiz,2
Morgan Murphy,10
Bob Feller,8
Mark Christman,19
Al Kozar,6
Eric Yelding,3
Marty Bergen,10
Phil Niekro,7
Brett Wallace,29
Alfredo Griffin,24
Josh Wilson,10
Hal Rice,19
Marty Martinez,0
Chico Fernandez,40
Silver King,4
Jason Phillips,30
Norm McMillan,6
Bill Cissell,29
Fresco Thompson,13
Slim Sallee,2
Coco Laboy,28
Earle Gardner,1
Eddie Leon,24
Bill Donovan,7
Neil Berry,0
Reno Bertoia,27
Mike Guerra,9
Frank Bonner,4
Fred Marsh,10
Todd Greene,71
Rey Quinones,29
Jorge Fabregas,23
Abraham Nunez,18
Mike Squires,6
Larry Jackson,2
Dave Campbell,20
Felix Pie,17
Alberto Gonzalez,4
Ray Coleman,20
Don Sutton,0
Todd Benzinger,66
Howard Ehmke,0
Tony Muser,7
Rafael Bournigal,4
Bobby Wine,30
Carroll Hardy,17
Bill Dineen,1
Ed Kennedy,5
Lee King,15
Hal Janvrin,6
Rafael Belliard,2
Domonic Brown,49
Skeeter Newsome,9
Marv Rickert,19
Roy Schalk,2
Elton Chamberlain,9
Jerry Zimmerman,3
Cherokee Fisher,3
Fritz Mollwitz,1
Harry Smith,2
Bill Gray,1
Jimmy Stewart,8
Chico Walker,17
Glenn Adams,34
Randall Simon,49
Nippy Jones,25
Rip Cannell,0
Hack Simmons,2
Amos Rusie,8
Dick Billings,16
Roberto Pena,13
Leo Norris,20
Jeff Mathis,41
David Hulse,5
Steve Jeltz,5
Matt LaPorta,31
Pat Carney,3
Dick Cole,2
Mike Caruso,7
Bill Atwood,7
Hal Jeffcoat,26
Adrian Brown,11
Chad Moeller,29
Brad Wellman,6
Jack Dunn,1
Pete Suder,49
Harry Davis,7
George Zettlein,0
Pedro Munoz,67
Joe Dolan,6
Pedro Garcia,37
Whitey Platt,13
Scott Bradley,18
Mickey Grasso,5
Curtis Wilkerson,8
Julio Gonzalez,4
Carl Lind,1
Fred Brickell,6
Carl Hubbell,4
Adeiny Hechavarria,6
Daryle Ward,90
Aleck Smith,1
Bill Lee,5
Al Nixon,7
Von Joshua,30
Pinky Pittenger,1
Tom Egan,22
Craig Shipley,20
Kid Nichols,16
Jack Dittmer,24
Eddie Booth,1
Jimmy Jordan,2
Joe DeMaestri,49
Earl McNeely,4
Ross Gload,34
Nate Oliver,2
Bobby Young,15
Tommie Aaron,13
George Wright,42
Rube Waddell,4
Harry Raymond,2
Tim Johnson,0
Terry Francona,16
Chris Gomez,60
Johnny Berardino,36
Rip Russell,29
Paul Popovich,14
Doc Farrell,10
Alex Cintron,33
Sam Agnew,2
Denny Sothern,19
Wil Nieves,9
Mike Simon,1
George Decker,25
Ed Morris,1
Boze Berger,13
Alan Strange,1
Harry Swacina,1
Tomas Perez,24
Jim Pendleton,19
Tommy McMillan,0
Rod Gilbreath,14
Marc Newfield,22
Charlie Buffinton,7
Malachi Kittridge,17
Eric Munson,49
Rube Walberg,4
Ray Pepper,14
Jimmy Smith,12
Eduardo Nunez,14
Andujar Cedeno,47
Mike Fischlin,3
Syd O'Brien,24
Kevin Jordan,23
Koyie Hill,8
Steve Dillard,13
Jose Castillo,39
Dick Davis,27
Jim Mason,12
Greg Norton,89
Wendell Magee,24
Greg Dobbs,46
Joe Simpson,9
Pete Mackanin,30
Hector Cruz,39
Omar Quintanilla,8
Waite Hoyt,0
Kid Carsey,2
Roxy Walters,0
John Stephenson,12
Freddie Maguire,1
Bert Cunningham,9
Ken Harvey,27
Sam Crane,3
Red Ehret,4
Jack Quinn,8
Andy Sheets,19
Rube Marquard,1
Doug Dascenzo,5
Ray Schmandt,3
Mickey O'Neil,4
Fernando Gonzalez,17
Domingo Cedeno,15
Melvin Nieves,63
Milt Pappas,20
Marvell Wynne,40
Virgil Trucks,2
Roy Spencer,3
George Myers,5
Bucky Walters,23
Hunter Hill,1
Wilton Guerrero,11
Jerry Kindall,44
Eppa Rixey,3
Domingo Ramos,8
Mike Mordecai,24
Ski Melillo,22
Myril Hoag,28
Herb Plews,4
Tom Umphlett,6
Tommy Brown,31
Cap Peterson,19
Mick Kelleher,0
Howie Schultz,24
Bill Hutchison,12
Julio Becquer,12
John Russell,34
Frank Croucher,7
Lee Meadows,5
Craig Paquette,99
Red Faber,3
Dazzy Vance,7
Chick Fewster,6
Carlos Martinez,25
Mike Kahoe,4
Gary Bennett,22
Bill Plummer,14
John Clarkson,24
David McCarty,36
Sadie McMahon,3
Frank Dwyer,5
Danny Sheaffer,13
Gaylord Perry,6
Ken Wood,34
George Barclay,4
Mark Lewis,48
Dee Miles,2
Darrel Chaney,14
Kurt Bevacqua,27
Eddie Pellagrini,20
Neifi Perez,64
Faye Throneberry,29
John Kennedy,32
Ricky Gutierrez,38
Larry Milbourne,11
Ted Martinez,7
Mario Mendoza,4
Red Ames,3
Cedric Durst,15
Manny Alexander,15
Jose Valdivielso,9
Jerry Koosman,2
Bob Gilks,1
Archi Cianfrocco,34
Paul Derringer,2
Hector Torres,18
Mark Baldwin,10
Guy Bush,0
Tommy Dowd,24
Clyde Manion,3
Harry Staley,7
Jordan Pacheco,8
Virgil Stallcup,22
Eddie Mulligan,1
Dave McKay,21
Sam Dente,4
Rowland Office,32
Earl Moore,0
Harvey McClellan,4
Rob Picciolo,17
Matt Walbeck,28
Dutch Leonard,0
Mel Harder,4
Paul Lehner,22
Billy Hunter,16
Fritz Buelow,6
John Sullivan,1
Jack McGeachy,9
Bob Borkowski,16
Dave Rosello,10
Bobo Newsom,1
Dalton Jones,41
Jiggs Parrott,6
Joe McGinnity,0
John Moses,11
Rich Morales,6
Jesse Haines,3
Skeeter Webb,3
Billy Hitchcock,5
Ray Berres,3
Jackie Hernandez,12
Bob Smith,5
Karim Garcia,66
Lefty Gomez,0
Jerry Morales,95
Ted Breitenstein,4
Goldie Rapp,2
Al Brancato,4
Scot Thompson,5
Peter Bergeron,8
Bob Usher,18
Danny MacFayden,1
Denny Hocking,25
Frank O'Rourke,15
Enrique Wilson,22
Del Young,3
Luis Alvarado,5
Lefty Grove,15
Pud Galvin,5
Andres Thomas,42
Luis Lopez,22
Fred Raymer,1
Vic Willis,1
Moe Berg,6
Luis Gomez,0
Chick Fraser,3
Don Heffner,6
Eddie Miksis,44
Stan Coveleski,1
Paul Cook,0
Doc Powers,4
Chick Galloway,17
Tom Veryzer,14
Ed Romero,8
Sport McAllister,5
Tom Carey,2
Tuck Stainback,17
Jackie Gutierrez,4
Jim Lillie,6
Bobby Mathews,1
Bill Doak,1
George Scharein,2
Dan Meyer,86
Pepe Frias,1
Bob Lillis,3
Gary Sutherland,24
Jack Heidemann,9
Ted Kazanski,14
Tommy Thevenow,2
Juan Castro,36
Bob Friend,2
Red Donahue,1
Johnnie LeMaster,22
Jack Ryan,4
Stump Wiedman,2
Vic Harris,13
Jim Levey,11
Doug Flynn,7
Gus Weyhing,3
Bill Bergen,2
